datetime,platform,username,candidate_name,text,comment_count,view_count,like_count,url,num_interaction,Sentiment
2024-03-04 03:52:29,Youtube,Arturo Tn,Claudia Sheinbaum,"#claudiasheinbaum __ Después de terminar el arranque de campaña en el zócalo, miles se quedaron en Bellas Artes a convivir y a comprar el libro GRACIAS de Andrés Manuel Lopez Obrador",0,0,0,https://www.youtube.com/watch?v=AgJWtmNXwwo,502,positive
2024-03-06 08:49:55,Youtube,SignoMx,Claudia Sheinbaum,"🔴EN VIVO Mario Delgado. Conferencia de prensa __ El presidente de Morena, Mario Delgado, presenta los avances de campaña de Claudia Shienbaum y las de la oposición en contra de la 4T

#claudiasheinbaum #mariodelgado #xochitlgalvez",0,0,0,https://www.youtube.com/watch?v=LIgtQvBG0-4,51,neutral
2024-05-08 21:16:03,Youtube,Iber Alejandro,Claudia Sheinbaum,"⚠️NO LO QUIEREN DE FISCAL! EMBESTIDA CONTRA ZALDIVAR FINANCIADA POR EQUIPO DE XOCHITL NO QUIEREN... __ #presidente 
#claudia
#sheinbaum
#xochitlgalvez
#xochitl
#marianarodriguez
#samuelgarcia
#movimientociudadano
#pri
#noticiasmexico 
#morena 
#ine         
#amlo 
#ine  
#presidenteamlo     
#politica 
#consejeros 
#diputados",16,8683,1404,https://www.youtube.com/watch?v=_jxowfRWXBU,1420,negative
2024-05-08 20:41:57,Youtube,Poesía Política,Claudia Sheinbaum,"ESTO LE CONTESTA A LILLY TÉLLEZ#noticias #shorts __ EL DIPUTADO POR EL PT FERNÁNDEZ NOROÑA COMENTA QUE LILY TÉLLEZ ES UNA PERSONA DETESTABLE Y UNA TRAIDORA NACIONAL QUE VA HABLAR AL PROGRAMA DE CIRO GÓMEZ LEYVA A SOLTAR PESTES DE LA 4T.

#politica #mexico #noticias #shorts #noroña #claudiasheinbaum",4,1096,131,https://www.youtube.com/watch?v=THmgpLPCqyA,135,negative
2024-05-28 01:54:05,Youtube,ESPERANZA SANTANDER OFICIAL ,Claudia Sheinbaum,Claudia Sheinbaum recuerda La Linea 12 del METRO #amlo #xochiltgalvez #claudiasheinbaum #maynez __ ,9,3015,81,https://www.youtube.com/watch?v=PIy9YWyCoxo,90,negative
2024-04-29 09:00:01,Youtube,Gaceta de pagos Bienestar ,Claudia Sheinbaum,"Claudia Sheinbaum arremete tras el #DebateINE: ¡Vence a la candidata corrupta del PRIAN! __ ¡Polémica al cierre del debate! Claudia Sheinbaum, candidata destacada, contraataca ante las acusaciones de la oposición. Sheinbaum denuncia a la candidata del PRIAN como corrupta y enfatiza la presentación de propuestas y un plan de desarrollo para los próximos años como su victoria en el debate. 

 #ClaudiaSheinbaum #DebateINE #PRIAN #Corrupción #Elecciones2024 #Propuestas #Desarrollo",4,626,58,https://www.youtube.com/watch?v=0_V7Xl1AvLQ,62,negative
2024-04-17 01:59:53,Youtube,Iber Alejandro,Xóchitl Gálvez,"⚠️LA MAÑA LE SOLTÓ EL BILLETE A PIÑA! OBRADOR ALISTA TODA LA MAQUINARIA EN SU CONTRA PARA… __ #presidente 
#claudia
#sheinbaum
#xochitlgalvez
#xochitl
#marianarodriguez
#samuelgarcia
#movimientociudadano
#pri
#noticiasmexico 
#morena 
#ine         
#amlo 
#ine  
#presidenteamlo     
#politica 
#consejeros 
#diputados",18,4089,313,https://www.youtube.com/watch?v=OmfgWcQiNKE,331,negative
2024-04-03 03:26:26,Youtube,La Cura Noticiero ,Claudia Sheinbaum,Claudia cierra la basílica #claudiasheinbaum #news #noticias #amlo #humor #morena #chairos #shorts __ ,0,0,0,https://www.youtube.com/watch?v=QEulFlIQd10,192,negative
2024-01-27 19:27:24,Youtube,EL MEXA SHORTS ,Claudia Sheinbaum,EL TRAIDOR GERMAN MARTINEZ SE VA AHORA AL PAN __ #noroña #amlo #amlovers #mexico #noticias #politica #politicamexicana #news #pt #morena #mañanera #usa #tendencias #viral #felipecalderón #calderon #prianrdmc #prian #prianrd #conservadores #chayoteros #vicentefox #fox #santiagocreel #xochitlgalvez #claudiasheinbaum  #shorts #short,0,0,0,https://www.youtube.com/watch?v=nctNizGIquU,674,negative
2024-05-31 15:30:01,Youtube,Iber Alejandro,Claudia Sheinbaum,"!ESTO ES UNA MENTADA¡ el INE calla como momia y LORET LLAMANDÓ A VOTAR por XÓCHITL __ #presidente 
#claudia
#sheinbaum
#xochitlgalvez
#xochitl
#marianarodriguez
#samuelgarcia
#movimientociudadano
#pri
#noticiasmexico 
#morena 
#ine         
#amlo 
#ine  
#presidenteamlo     
#politica 
#consejeros 
#diputados",6,1682,161,https://www.youtube.com/watch?v=6OwqFrwB6JU,167,negative
2024-05-28 16:00:09,Youtube,Perspectiva Progresista,Claudia Sheinbaum,La Defensora __ #xochitlpresidenta #claudiasheinbaum #morena #amlo #amlovers #elecciones2024 #prian #mexico #pan #xóchitl #xochiltgalvez #mañanera #mexicanosenusa,41,15640,1123,https://www.youtube.com/watch?v=Dha0wVaENYs,1164,negative
2024-04-08 03:08:43,Youtube,Jesus Bmbm,Claudia Sheinbaum,XÓCHITL GÁLVEZ PRESIDENTE #noticias #amlo #xóchitlgálvez #sheinbaum #claudiasheinbaum __ ,144,10891,74,https://www.youtube.com/watch?v=_Zfgev9NuL4,218,neutral
2024-04-03 00:52:11,Youtube,Iber Alejandro,Claudia Sheinbaum,"irving chillón llegó a la mañanera a pedirle una entrevista a #amlo para salinas pliego __ #presidente 
#claudia
#sheinbaum
#xochitlgalvez
#xochitl
#marianarodriguez
#samuelgarcia
#movimientociudadano
#pri
#noticiasmexico 
#morena 
#ine         
#amlo 
#ine  
#presidenteamlo     
#politica 
#consejeros 
#diputados",0,0,0,https://www.youtube.com/watch?v=Pj4wAgaExZQ,378,negative
2024-07-22 04:31:55,Youtube,Sin Puntos Ni Comas Informa,Claudia Sheinbaum,#claudiasheinbaum #mexicanos #mexico #cuartatransformación __ ,11,8277,974,https://www.youtube.com/watch?v=ieJ-fZmSnMY,985,negative
2024-04-10 01:04:29,Youtube,KEDEFRE ,Claudia Sheinbaum,"Presidente AMLO Amenaza A Ecuador ""A Mexico Lo Van A Respetar"" __ Luego de los acontecimientos deplorables del gobierno ecuatoriano de invadir la soberanía de México al irrumpir a la embajada, el presidente AMLO les hace un llamado de advertencia"" A MEXICO SE LE RESPETA""

#amlo #mexico #ecuador #latinoamerica #colombia #peru #chile #venezuela #argentina #brazil #2024 #soberanía #viral #4t #claudiasheinbaum",0,0,0,https://www.youtube.com/watch?v=eZMnAyu6a08,674,negative
2024-04-23 13:24:57,Youtube,Sistema Informativo NED,Claudia Sheinbaum,"Justicia Para La Clase Obrera, Susana Terrazas Pide Aprobar Ley de Horas __ #conferenciapresidente #lópezobrador #cuartatransformación #xochitlgalvez #mañanera #noticias #claudiasheinbaum #morena #amlo #viral #elecciones2024 #trending #cuartatransformación #shorts #video",11,993,65,https://www.youtube.com/watch?v=c8cfaxy-Uro,76,negative
2024-03-24 16:00:28,Youtube,Poesía Política,Claudia Sheinbaum,"YA PARALE A TUS MENTIRAS. __ Una vez mas La Candidata por PRIANRD comenta las mismas palabras que los anteriores gobiernos con un discurso 100% conservador ,así es como Xochitl pretende llegar a mas gente con un discurso por mas copiado.
#morena2024 #4transformacion #shortsfeed #claudiasheinbaum #xochitlgalvez #poesiapolitica #politica #noticias 
Suscribete
Comenta y Comenta!!",0,0,0,https://www.youtube.com/watch?v=mvJ5ObQX3mk,177,negative
2024-05-21 17:47:15,Youtube,Proyecto Puente,Claudia Sheinbaum,👉🏻Esto respondió el gobernador de #Sonora Alfonso Durazo sobre unirse al gabinete de #Sheinbaum __ ,8,10691,361,https://www.youtube.com/watch?v=MHZIDrqfGTM,369,neutral
2024-03-24 00:18:54,Youtube,Iber Alejandro,Claudia Sheinbaum,"Fox pide voto para Taboada __ #presidente 
#claudia
#sheinbaum
#xochitlgalvez
#xochitl
#marianarodriguez
#samuelgarcia
#movimientociudadano
#pri
#noticiasmexico 
#morena 
#ine         
#amlo 
#ine  
#presidenteamlo     
#politica 
#consejeros 
#diputados",0,0,0,https://www.youtube.com/watch?v=nqu1G3vYFQc,671,negative
2024-06-06 11:45:06,Youtube,Iber Alejandro,Xóchitl Gálvez,"🔴​ SE LO CARGÓ EL PAYASO! CLAUDIO PIDIÓ LA CABEZA DE ALITO ¡conoce los motivos reales del caso! __ #presidente 
#claudia
#sheinbaum
#xochitlgalvez
#xochitl
#marianarodriguez
#samuelgarcia
#movimientociudadano
#pri
#noticiasmexico 
#morena 
#ine         
#amlo 
#ine  
#presidenteamlo     
#politica 
#consejeros 
#diputados",66,6057,1093,https://www.youtube.com/watch?v=xSJzykT8CBo,1159,negative
2024-05-16 20:58:02,Youtube,Iber Alejandro,Claudia Sheinbaum,"SE LE CAYÓ LA JUGADA A PIÑA! EL PRESIDENTE DIO LA ORDEN,EN PALACIO CELEBRARON DECISIÓN DEL JUEZ __ #presidente 
#claudia
#sheinbaum
#xochitlgalvez
#xochitl
#marianarodriguez
#samuelgarcia
#movimientociudadano
#pri
#noticiasmexico 
#morena 
#ine         
#amlo 
#ine  
#presidenteamlo     
#politica 
#consejeros 
#diputados",123,40690,4360,https://www.youtube.com/watch?v=KgC1VGU2tfo,4483,negative
2024-05-25 02:30:06,Youtube,Jesús Escobar Tovar ,Claudia Sheinbaum,"LOS INTELECTUALES DE LA 4T DAN LA CARA POR CLAUDIA; ARDIDOS LOS LLAMA XOCHITL __ A unos días de la elección presidencial del 2 de junio, 900 académicos, intelectuales, científicos y artistas firmaron un desplegado en el cual llaman a votar por la candidata presidencial de la coalición Sigamos Haciendo Historia, Claudia Sheinbaum.

#claudiasheinbaum #xóchitlgálvez",262,32387,6962,https://www.youtube.com/watch?v=ffGX9jkhABE,7224,negative
2024-05-28 02:52:05,Youtube,SDPNoticias,Claudia Sheinbaum,"MÁYNEZ se BURLA de la OPOSICIÓN 👀🤭 tras RENUNCIA de ALEJANDRA del MORAL al PRI por MORENA 😱🫠 __ Jorge Álvarez Máynez, candidato de Movimiento Ciudadano, dijo que le da ternura la oposición tras la renuncia de Alejandra del Moral al PRI para incluirse a Morena. 

#sdpnoticias #sdp #noticiasenespañol #noticiasmexico #noticias #xochiltgalvez #xóchitlgálvez #maynez #sheinbaum #elecciones2024",13,10481,225,https://www.youtube.com/watch?v=tJX7PWj2mSM,238,negative
2024-01-09 15:29:51,Youtube,Central Live,Claudia Sheinbaum,"Desbancan a Ernestina __ Ernestina Godoy, instrumento de venganza de #amlo  y Titina #claudiasheinbaum no cuaja para otro periodo como Fiscal de la #cdmx y ejercerá en MAXIMATO desde un escaño que le ofrece AMLO. 
#FueraelDictador",0,0,0,https://www.youtube.com/watch?v=JjN0kVhaBhk,1067,negative
2024-01-23 19:20:50,Youtube,Iber Alejandro,Xóchitl Gálvez,"¡SALIÓ LA VERDAD! EN PALACIO EXHIBIERON A AZUCENA Y LA BRUTARGA SALIÓ EMBARRADA ESTE ES EL MOTIVO __ #presidente 
#claudia
#sheinbaum
#xochitlgalvez
#xochitl
#marianarodriguez
#samuelgarcia
#movimientociudadano
#pri
#noticiasmexico 
#morena 
#ine         
#amlo 
#ine  
#presidenteamlo     
#politica 
#consejeros 
#diputados",0,0,0,https://www.youtube.com/watch?v=9wdoZjGIa70,4176,negative
2024-02-12 18:07:38,Youtube,BCT Neus,Claudia Sheinbaum,Por el día del amor y la amistad #claudiasheinbaum comparte consejos para el amor __ ,0,0,0,https://www.youtube.com/watch?v=EhElUdzqiEo,178,positive
2024-03-07 16:00:06,Youtube,Marcelino Gómez Brenes,Claudia Sheinbaum,"La #Oposición no tiene nada malo que decir de #ClaudiaSheinbaum #DesdeElNorte __ ¡En vivo #DesdeElNorte!

El mejor análisis de la #Mañanera y los temas de mayor interés en el país con Itzul Barrera, El Cubano y Marcelino ahora en su nuevo horario:

Lunes a viernes a partir de las 20:00 de la noche

#DesdeElNorte 🌵
#LaHoraTrasnochada🕒
Suscríbete en YouTube canal Marcelino Gómez Brenes
Síguenos en Twitter: @Gomez_Brenes
Facebook: Marcelino Gómez Brenes
#DesdeElNorte 🌵",0,0,0,https://www.youtube.com/watch?v=C2RsvKOMyeg,44,neutral
2024-04-10 23:44:47,Youtube,Iber Alejandro,Claudia Sheinbaum,"FOFO se reia de que saldría pronto gracias a Norma Piña pero todo cambiò __ #presidente 
#claudia
#sheinbaum
#xochitlgalvez
#xochitl
#marianarodriguez
#samuelgarcia
#movimientociudadano
#pri
#noticiasmexico 
#morena 
#ine         
#amlo 
#ine  
#presidenteamlo     
#politica 
#consejeros 
#diputados",0,0,0,https://www.youtube.com/watch?v=rsTSqWOINos,434,negative
2024-06-11 00:00:13,Youtube,ViajeroUSA Con Matello,Claudia Sheinbaum,"MIENTRAS YO SEA POLITICOS USTEDES NO LO SERAN PALABRAS DE AMLO __ El presidente Andrés Manuel Lopez Obrador nos platica porque sus hijos no estan en la politica ademas Claudia Sheinbaum Pardo resibe un mensaje de el presidente, tambien hable porque es tiempo de mujeres. #amlovers #claudiasheinbaum",6,1724,56,https://www.youtube.com/watch?v=THmxHJ0gBCM,62,neutral
2024-02-14 17:06:20,Youtube,Sistema Informativo NED,Xóchitl Gálvez,Mensaje a Calderón y Xóchitl: Desde España No Se Resuelve La Escasez de Agua- AMLO __ #calderon #xochitl #xochitlgalvez #noticias #claudiasheinbaum #mañanera #mañanera #morena #amlo #viral #elecciones2024 #trending #new #conferenciapresidente #cuartatransformación #lópezobrador #shorts #video,0,0,0,https://www.youtube.com/watch?v=qv-rcLsm09s,70,negative
2024-02-27 17:00:11,Youtube,Jesús Escobar Tovar ,Claudia Sheinbaum,"LORENZO AFIRMA QUE AMLO DESCALIFICARÁ ELECCIONES; LA RADICALIZACIÓN DEL PAN __ En entrevista con Leon Krauze, Lorenzo Cordova continua con el discurso de Elección de Estado, de agresión a la democracia, mostrando la sordera de una oposición que esta dispuesta a empinar al país.

#amlo #xochitlgalvez #claudiasheinbaum",0,0,0,https://www.youtube.com/watch?v=TUvvnsTH5aA,3998,negative
2024-01-21 22:15:01,Youtube,SignoMx,Claudia Sheinbaum,"Sheinbaum, oficialmente candidata de Morena a la presidencia __ Claudia Sheinbaum recibió la constancia como Candidata de Morena a la Presidencia de la República 

#claudiasheinbaum #morena",0,0,0,https://www.youtube.com/watch?v=h1rG_uB4s_I,244,neutral
2024-05-21 20:16:34,Youtube,LA OCTAVA,Claudia Sheinbaum,"#XóchitlGálvez dice ante BANQUEROS que ENCUESTA la COLOCA ARRIBA de #Sheinbaum #Elección2024 __ La candidata presidencial del PRIAN, Xóchitl Gálvez, presumió ante banqueros una encuesta que la coloca arriba de su oponente de Morena, Claudia Sheinbaum.

#XóchitlGálvez #Sheinbaum #Elección2024",99,4427,93,https://www.youtube.com/watch?v=-_fmMTG_Fy4,192,negative
2024-04-29 21:09:25,Youtube,1000 Maneras De Quedar Como Priandejo,Claudia Sheinbaum,"Mil Maneras de quedar como Priandejo, Número 266. el #PRIAN se hunde. #ClaudiaSheinbaum __ ",3,1202,47,https://www.youtube.com/watch?v=qh9b-zw2P2M,50,negative
2024-02-05 19:48:30,Youtube,Bettypelorojo,Xóchitl Gálvez,AMLO ESPERAS DISCULPAS y la DEA responde 😨 #xochitl #noticias #politicomx __ ,0,0,0,https://www.youtube.com/watch?v=edJaX6700q0,251,negative
2024-04-01 04:15:03,Youtube,Poesía Política,Claudia Sheinbaum,"Chayotera Aristegui se Burla de AMLO y la Dra Claudia Sheinbaum __ EL PRESIDENTE AMLO EN CONFERENCIA MENCION ACOMO LA PERIODISTA CARMEN ARISTEGUI ESTUVO EN CONFERENCIA EN HARVARD Y EXPUSO QUE LA DRA CLAUDIA SHEINBAUM ES SUBORDINADA DE AMLO TIPO MOFA .
#politica #noticias #politica #shorts #poesiapolitica #claudiasheinbaum #mexico #shortsfeed 
SUSCRIBETE, COMENTA Y COMPARTE!!",0,0,0,https://www.youtube.com/watch?v=g89zs2UkLwk,1116,negative
2024-04-29 04:37:53,Youtube,EXCELSIOR,Claudia Sheinbaum,Segundo Debate Presidencial: Empleo e inflación #shorts __ #DebatePresidencial #Debate2024 #DebateMéxico #xóchitlgálvez #claudiasheinbaum #maynez,32,5246,115,https://www.youtube.com/watch?v=UTduoZpd-UU,147,negative
2024-01-16 19:54:19,Youtube,Movimiento Ciudadano,Jorge Álvarez Máynez,"Cabina Escucha con Jorge Álvarez Máynez __ La cabina del #MovimientoEscucha llegó a la Ciudad de México junto a nuestro precandidato a la Presidencia de la República, @Alvarezmaynez. 🧡 
No te pierdas todo lo que las y los chilangos nos contaron acerca de sus causas, anhelos y preocupaciones.
¡Llegó el momento de construir un México nuevo! #ElFuturoEsNaranja 🍊
.
.
.
Mensaje dirigido a militantes y simpatizantes de Movimiento Ciudadano.",0,0,0,https://www.youtube.com/watch?v=5kXEIBu7xww,53,positive
2024-04-25 00:30:24,Youtube,TODOS BIENESTAR,Claudia Sheinbaum,"¡BOMBA NACIONAL! AMLO logra REGALAZO para ADULTOS MAYORES - ¡Aviso Urgente! __ ¡BOMBA NACIONAL! AMLO logra REGALAZO para ADULTOS MAYORES - ¡Aviso Urgente!
#amlo #bienestar #mexico #5deenero #adultos #atenciónsocial #imss #aumento #claudiasheinbaum #méxico",4,296,54,https://www.youtube.com/watch?v=xKIHQ-LxMaA,58,neutral
2024-01-28 20:07:28,Youtube,RTMX INFORMA,Claudia Sheinbaum,CLAUDIA ES LA CONTINUIDAD DE LA 4T #claudiasheinbaum __ Claudia Sheinbaum es la continuación de la 4T,0,0,0,https://www.youtube.com/watch?v=8E67h4Q_4J0,223,neutral
2024-03-02 07:39:54,Youtube,El PUMA POLITICO🇲🇽,Claudia Sheinbaum,CON #CLAUDIA #SHEINBAUM DESDE #NUEVAYORK voto masivo __ ,0,0,0,https://www.youtube.com/watch?v=FDumoN-pRUc,255,neutral
2024-07-12 01:51:43,Youtube,ByeBye TV,Claudia Sheinbaum,#ByeByeTV #Claudiasheinbaum #4T #Trenes #Plandeinfraestructura #Mexico #Presidenta #PresidentaElecta __ ,26,8857,956,https://www.youtube.com/watch?v=FP_HOlbJqrc,982,negative
2024-05-20 14:30:53,Youtube,Oscar WildOnes,Claudia Sheinbaum,Tercer Debate Presidencial #youtubeshorts #debateine #maynez #claudiasheinbaum #xóchitlgálvez __ ,3,1920,36,https://www.youtube.com/watch?v=pt3GE9yfCFM,39,neutral
2024-05-24 05:07:26,Youtube,Mexiflash,Claudia Sheinbaum,Cambio Climático  Mi Estrategia para un Futuro Sostenible __ #morena #claudiasheinbaum #noroña #amlo #partidoverde #partidodeltrabajo,1,2365,83,https://www.youtube.com/watch?v=L-wPHTMnoZ4,84,neutral
2024-02-19 00:25:28,Youtube,Soy Viko Mora,Claudia Sheinbaum,Muchas felicidades Dra. #presidente #claudiasheinbaum #proxima #presidenta #humor __ ,0,0,0,https://www.youtube.com/watch?v=l2as23zixLA,323,positive
2024-05-23 00:47:42,Youtube,MFNetwork,Claudia Sheinbaum,Bajaaaaan. Le dan jalón de cabello a #ClaudiaSheinbaum jajaja ¿por qué lo hizo? 😂😂😂 __ ,17,5741,166,https://www.youtube.com/watch?v=-wn7WjkTFlw,183,negative
2024-02-01 09:24:38,Youtube,PARTIDO OBRADORISTA DEMÓCRATA ,Claudia Sheinbaum,La inteligencia de #xochitlgalvez pobres #prian mejor vamos por #morena #4t #claudiasheinbaum #amlo __ ,0,0,0,https://www.youtube.com/watch?v=3hCRWiwssCI,609,negative
2024-07-27 02:40:40,Youtube,LEGION POLITICA,Claudia Sheinbaum,"¡EN CADENA NACIONAL DORIGA NO SE MIDIO, LAS REDES SE BURLAN DE FOX! ""DEJA EL RIDICULO ERES CHISMOSO __ SUSCRIBETE Y REGALANOS UN LIKE!

#amlo #sheinbaum #4t #morena #pri #pan",74,16572,1093,https://www.youtube.com/watch?v=xzstN9oGjTo,1167,negative
2024-04-12 01:00:54,Youtube,Sopa de Caracol TV,Claudia Sheinbaum,Xochitl Galvez insulta a Claudia Sheinbaum  #amlo  #4t  #mexico  #claudiasheinbaum #xóchitlgálvez __ ,0,0,0,https://www.youtube.com/watch?v=0bR5bgaNBsE,147,negative
2024-02-10 19:27:26,Youtube,EL MEXA SHORTS ,Claudia Sheinbaum,PUROS PANISTAS EN MC __ #noroña #amlo #amlovers #mexico #noticias #politica #politicamexicana #news #pt #morena #mañanera #usa #tendencias #viral #felipecalderón #calderon #prianrdmc #prian #prianrd #conservadores #chayoteros #vicentefox #fox #santiagocreel #xochitlgalvez #claudiasheinbaum  #shorts #short,0,0,0,https://www.youtube.com/watch?v=d_Omn-OUCDs,347,negative
2024-07-07 02:59:57,Youtube,Poesía Política Mx,Claudia Sheinbaum,"Calderonista Descarada #morena2024 __ Mariana Gómez del Campo menciona que AMLO ha superado los gadolinazos a los anteriores presidentes.


#morena2024 #4transformacion #shortsfeed #politica #mexico #claudiasheinbaum #noticias #lamañanera 

Suscribete Comenta y Comparte!!!",86,13378,813,https://www.youtube.com/watch?v=RBaqVckxPII,899,negative
2024-04-24 23:30:06,Youtube,Iber Alejandro,Xóchitl Gálvez,"⚠️MAYNEZ SUPERA A XOCHITL EN ENCUESTAS! ENTRA EN DESESPERACION CLAUDIO, LA DRA. ANDA MUY TRANQUILA __ #presidente 
#claudia
#sheinbaum
#xochitlgalvez
#xochitl
#marianarodriguez
#samuelgarcia
#movimientociudadano
#pri
#noticiasmexico 
#morena 
#ine         
#amlo 
#ine  
#presidenteamlo     
#politica 
#consejeros 
#diputados",12,2226,386,https://www.youtube.com/watch?v=L9lH9AN47xU,398,negative
2024-06-17 01:00:30,Youtube,SignoMx,Claudia Sheinbaum,"AMLO en Durango: Claudia me cepilló __ 👉 Únete ahora y mantente informado sobre las mejores noticias de política.

#amlo #claudiasheinbaum #4t #durango",4,1268,190,https://www.youtube.com/watch?v=ozxCOkluvDk,194,neutral
2024-04-04 17:59:38,Youtube,Diario de México TV,Claudia Sheinbaum,"#ClaudiaSheinbaum opina sobre video filtrado del hijo de #XóchitlGálvez: 'Con los hijos, no #4t ' __ ",0,0,0,https://www.youtube.com/watch?v=3cUmInNZidU,857,negative
2024-06-14 01:21:25,Youtube,Tv Vision,Claudia Sheinbaum,"🚨🇪🇨 #ATENCIÓN | La presidenta electa de #México , #ClaudiaSheinbaum __ ",7,2314,61,https://www.youtube.com/watch?v=OXQFfyEy8CA,68,neutral
2024-03-05 01:26:57,Youtube,Keko Rios,Claudia Sheinbaum,Las mañaneras de #AMLO terminaron por hundir al #PRIAN. #morena #claudiasheinbaum #mexico #shorts __ ,0,0,0,https://www.youtube.com/watch?v=BSxXyT3u-X4,706,negative
2024-05-16 13:30:00,Youtube,AlvarezMaynez,Jorge Álvarez Máynez,"Este 2 de junio, elige ser feliz __ Este 2 de junio, elige ser feliz. 
Tienes en tus manos la oportunidad de vivir el México Nuevo.

#LoNuevoVaEnSerio
#MáynezPresidente 😁 #Ternurines",36,5640,344,https://www.youtube.com/watch?v=ZDbPKR9YZiY,380,positive
2024-04-02 11:45:04,Youtube,Sin Bozal Mx,Claudia Sheinbaum,"EL INAI NO HACE FALTA Y JAVIER CORRAL SE PERFILA PARA SER EL JEFE ANTICORRUPCIÓN SI CLAUDIA GANA! __ #noticiasméxico 
#sinbozalmx 
#noticias 
#elecciones2024 
#javiercorral 
#claudiasheinbaum 
#morena 
#inaiviral 
#campañaselectorales 
#elecciones2024 
#política",0,0,0,https://www.youtube.com/watch?v=vrOnVCCAkqg,608,neutral
2024-02-20 00:13:00,Youtube,RP Resumen Politico,Claudia Sheinbaum,#hola #claudiasheinbaum #claudia #amlo #presidente #morena #cuartatransformación #amlovers #mexico __ ,0,0,0,https://www.youtube.com/watch?v=NOftA3LHZEw,165,neutral
2024-02-19 18:47:16,Youtube,Iber Alejandro,Xóchitl Gálvez,"LES CAYÓ LA MARINA! TABOADA ALISTA LAS MALETAS XOCHITL NO LO PUEDE CREER EN PLENO LUNES OBRADOR... __ #presidente 
#claudia
#sheinbaum
#xochitlgalvez
#xochitl
#marianarodriguez
#samuelgarcia
#movimientociudadano
#pri
#noticiasmexico 
#morena 
#ine         
#amlo 
#ine  
#presidenteamlo     
#politica 
#consejeros 
#diputados",0,0,0,https://www.youtube.com/watch?v=kcLq8Wo_lxA,7334,negative
2024-05-04 23:00:14,Youtube,SignoMx,Claudia Sheinbaum,"Sheinbaum denuncia compra de voto en Guanajuato __ Claudia Sheinbaum Pardo, candidata a la Presidencia de México por la Coalición “Sigamos Haciendo Historia"", denunció que, en plena campaña, se ha entregado la llamada ""tarjeta rosa"" en el estado con 9 mil pesos por lo que hizo un llamado para que se sancione prácticas como la compra de votos.

#claudiasheinbaum #estadodemexico #tarjetarosa",165,20005,1144,https://www.youtube.com/watch?v=fHFhHVDsVkI,1309,negative
2024-04-07 17:41:36,Youtube,Hans Salazar,Claudia Sheinbaum,#DEBATE #PRESIDENCIAL #HOY #SHEINBAUM #ADELANTE __ #DEBATE #PRESIDENCIAL #HOY #SHEINBAUM #ADELANTE,0,0,0,https://www.youtube.com/watch?v=hN9XGEQ6DP4,2718,neutral
2024-03-22 00:17:41,Youtube,Iber Alejandro,Xóchitl Gálvez,"Layda no escuchó el consejo de #amlo __ #presidente 
#claudia
#sheinbaum
#xochitlgalvez
#xochitl
#marianarodriguez
#samuelgarcia
#movimientociudadano
#pri
#noticiasmexico 
#morena 
#ine         
#amlo 
#ine  
#presidenteamlo     
#politica 
#consejeros 
#diputados",0,0,0,https://www.youtube.com/watch?v=bDH2VkQ_pt0,361,negative
2024-05-31 04:26:32,Youtube,Brisa Camacho (LA PATA D' PERRO),Claudia Sheinbaum,Vota este 2 de Junio… #politicalnews #claudiasheinbaum __ ,21,10830,385,https://www.youtube.com/watch?v=OG_VNDWivWQ,406,neutral
2024-06-18 05:31:43,Youtube,EXCELSIOR,Claudia Sheinbaum,"Ciudadanos avalan reforma al Poder Judicial: Sheinbaum presenta resultados de encuestas __ Tras realizar tres encuestas ciudadanas sobre el desempeño del Poder Judicial, Claudia Sheinbaum virtual presidenta electa, informó que 75% de los encuestados consideran que los ministros de la Suprema Corte de Justicia de la Nación (SCJN) deben ser elegidos por la ciudadanía.

#claudiasheinbaum #reformajudicial #encuestas",28,1690,37,https://www.youtube.com/watch?v=VNJ2zrrHPNo,65,neutral
2024-04-19 20:13:35,Youtube,Trinche Carlos,Claudia Sheinbaum,#claudiasheinbaum #amlo #morena #parati #fyp #noticias __ #claudiasheinbaum #amlo #morena #parati #fyp #noticias,14,1244,20,https://www.youtube.com/watch?v=_GfGNoYEg9M,34,neutral
2024-04-02 20:00:09,Youtube,Pablo Olivera,Claudia Sheinbaum,#políticamexicana #trenmaya #amlo #4transformación #amlovers #claudiasheinbaum __ ,0,0,0,https://www.youtube.com/watch?v=ZO0JQfUzCfM,903,neutral
2024-02-25 21:03:33,Youtube,Tito Zurita Carpio,Xóchitl Gálvez,"""Vende patria...la gelatin no cuajó"" así demuestran los migrantes mexicanos su rechazo a #Xochitl __ ",0,0,0,https://www.youtube.com/watch?v=zUWkfycFXcs,752,negative
2024-01-30 23:34:54,Youtube,Neta Mex Noticias,Claudia Sheinbaum,"Ya valió. #Claudiasheinbaum le pone una chinga a Xochilt gálvez. Y el pueblo va por el plan C __ Claudia Sheinbaum reacciona a simulación de “mañaneras” de Xóchitl: “Ellos siguen representando el pasado de corrupción y nosotros el futuro de México”, afirma la morenista",0,0,0,https://www.youtube.com/watch?v=bjwYfyFezPs,305,negative
2024-05-21 00:37:04,Youtube,Ed Zadi,Claudia Sheinbaum,#prian #prian #lopezobrador #alito #xochiltgalvez #claudiasheinbaum #morena #prian #4t __ ,26,6762,357,https://www.youtube.com/watch?v=9ygBF9BTGEI,383,negative
2024-01-02 20:30:03,Youtube,Iber Alejandro,Claudia Sheinbaum,"MARTES NEGRO PARA XOCHITL! ESTO TENIA QUE PASAR, LLEGÓ EL DIA Y OBRADOR NO PUDO EVITARLO __ #presidente 
#claudia
#sheinbaum
#xochitlgalvez
#xochitl
#marianarodriguez
#samuelgarcia
#movimientociudadano
#pri
#noticiasmexico 
#morena 
#ine         
#amlo 
#ine  
#presidenteamlo     
#politica 
#consejeros 
#diputados",0,0,0,https://www.youtube.com/watch?v=aK4oc_YBLqc,942,negative
2024-07-23 02:25:38,Youtube,México en Corto 🇲🇽 ,Claudia Sheinbaum,"ASÍ ESPANTARON A NOROÑA PIÑA, RECUERDO DE ESE GRAN DIA 😉 #4t #amlo #morena #claudiasheinbaum __ ",39,29545,1517,https://www.youtube.com/watch?v=FtUDOE8uBfY,1556,negative
2024-02-26 14:03:13,Youtube,REGIOMEXA,Claudia Sheinbaum,"El que se mete con AMLO se metecon el pueblo de México #amlo #4T #SomosMillonesConAMLO #amlovers __ #SomosMillonesConAMLO #amlovers
#noroña #claudiasheinbaum
#México #regiomexa",0,0,0,https://www.youtube.com/watch?v=318BwTVkWZc,1316,negative
2024-03-02 01:14:02,Youtube,Notiexpress,Claudia Sheinbaum,"Claudia Sheinbaum presenta su Proyecto de Nación todo un EXITO  #claudiasheinbaum  #amlo __ Si te gusto nuestro contenido de Notiexpress no olvides suscribirte!!!
Resumimos la noticia en minutos.
---------------------------------------------------------------------------------------------------------------",0,0,0,https://www.youtube.com/watch?v=Zli4z5HtXGw,470,positive
2024-05-23 07:09:12,Youtube,TopuTshi Visión,Claudia Sheinbaum,Declaraciones de Maynez después de tragedia. terrible suceso __ Tragedia en cierre de campaña de movimiento ciudadano. Declaraciones dé Maynez. Una tragedia envuelve a México despues de los hechos sucitados en evento del partido Movimiento ciudadano. En toputshivision nos solidarizamos y lamentamos tan terrible suceso. #toputshivision #xochiltgalvez #claudiasheinbaum #amlo #maynez,44,10145,267,https://www.youtube.com/watch?v=8oPZBKQybn4,311,negative
2024-06-21 02:14:24,Youtube,Sin Puntos ni Comas TV,Claudia Sheinbaum,#claudiasheinbaum #mexico #noticias #cuartatransformación __ ,7,5634,362,https://www.youtube.com/watch?v=QiagOAKqrYM,369,neutral
2024-03-06 02:17:47,Youtube,Stephany Lavalle,Claudia Sheinbaum,SE AVECINA LA  CAMPAÑA ELECTORAL MÁS SUCIA DE LA HISTORIA #viral #mexico #claudiasheinbaum #amlo #4t __ ,0,0,0,https://www.youtube.com/watch?v=duo-NBiIVuA,918,negative
2024-03-06 22:42:48,Youtube,V+ Noticias,Claudia Sheinbaum,Si hoy fueran las elecciones ¿Por quién votarías? #claudiasheinbaum #xochitlgalvez #maynez __ ,0,0,0,https://www.youtube.com/watch?v=lhew26ppDR0,230,neutral
2024-01-30 01:17:02,Youtube,PLANTA - GAMER,Claudia Sheinbaum,"#noroña #gerardofernándeznoroña #fernandeznoroña #claudiasheinbaum #morena __ hoy traigo un dibujo de Batman vs Superman









#batman #superman #dc #dccomics #dibujo #speeddrawing",0,0,0,https://www.youtube.com/watch?v=KMAG7GhE13s,897,neutral
2024-05-15 04:36:19,Youtube,Poesía Política Mx,Claudia Sheinbaum,"Alito Moreno pide que Maynez Decline#politica __ #shortsfeed #claudiasheinbaum #morena2024 #mexico #noticias 

Suscribete!!!!

Alito Moreno  menciona que no tiene posibilidad de ganar alvarez maynez para ser presidente de Mexico por lo que es logico que esta pidiendo decline a favor del PRIAN.",46,13532,716,https://www.youtube.com/watch?v=uQUDGN-8-Qs,762,negative
2024-06-05 01:20:22,Youtube,IZNA,Claudia Sheinbaum,"💥🚨Pensión IMSS e ISSSTE: Jubilados recibirán más dinero a partir de julio🗓️💰 __ 🤑✅🎁Pensión IMSS e ISSSTE: Jubilados recibirán más dinero a partir de julio🚨🏦💰
.
.
.
.
.
.
.
.
.
.
.
.
.
.
.
.
.
.
.
#bienestar #pensiónretiro #buenas #imss #beneficios #consejos #noticias #méxico #seguridadsocial  #ariadnamontielreyes #claudiasheinbaum #noticias",151,20362,0,https://www.youtube.com/watch?v=mA5nZbIdhx4,151,neutral
2024-04-15 13:56:06,Youtube,SignoMx,Claudia Sheinbaum,"🔴 EN VIVO Claudia Sheinbaum termina jornada en Sinaloa con mitin en Mazatlán __ Este 14 de abril Claudia Sheinbaum ya estuvo en Los Mochis con una conferencia a medios, le siguió en Culiacán y termina en Mazatlán

#claudiasheinbaum #mazatlan  #sinaloa",5,712,101,https://www.youtube.com/watch?v=RJ8f8HHq2MU,106,neutral
2024-06-04 00:43:46,Youtube,EL CARPINTERO POLÍTICO,Claudia Sheinbaum,Así recibieron a #claudiasheinbaum #4t #mexico  #bts #cuartatransformación #claudiapresidenta __ ,2,2425,83,https://www.youtube.com/watch?v=ufXVVQ6dXiw,85,neutral
2024-06-06 01:02:57,Youtube,Iber Alejandro,Xóchitl Gálvez,"⚠️MIERCOLES NEGRO! CULPAN AL PRESIDENTE DE ESTA LAMENTABLE NOTICIA,EN PALACIO ENVIARON AYUDA __ #presidente 
#claudia
#sheinbaum
#xochitlgalvez
#xochitl
#marianarodriguez
#samuelgarcia
#movimientociudadano
#pri
#noticiasmexico 
#morena 
#ine         
#amlo 
#ine  
#presidenteamlo     
#politica 
#consejeros 
#diputados",29,52771,4306,https://www.youtube.com/watch?v=I8SDxOhehnw,4335,negative
2024-06-04 02:15:53,Youtube,Iber Alejandro,Xóchitl Gálvez,"NORMA PIÑA ENTRA EN DESESPERACIÓN! CLAUDIA LA PUSO COMO CHANCLA EL PRESIDENTE ENVIA COMUNICADO __ #presidente 
#claudia
#sheinbaum
#xochitlgalvez
#xochitl
#marianarodriguez
#samuelgarcia
#movimientociudadano
#pri
#noticiasmexico 
#morena 
#ine         
#amlo 
#ine  
#presidenteamlo     
#politica 
#consejeros 
#diputados",12,23902,1817,https://www.youtube.com/watch?v=rrfBFjxiFfo,1829,negative
2024-01-23 21:50:00,Youtube,Rompeviento TV,Claudia Sheinbaum,"Las diferencias de #Sheinbaum con #AMLO __ 📢 @ingrucha en la #MesaSubversiva: 

✅ Los discursos de #ClaudiaSheinbaum
✅ Balance de precampañas y las encuestas.

Programa completo👇
https://www.rompeviento.tv/momentum/

#tiktokinforma #parati",0,0,0,https://www.youtube.com/watch?v=08ZMJK3dLJ8,83,neutral
2024-07-22 18:21:24,Youtube,Jesús Escobar Tovar ,Claudia Sheinbaum,"KAMALA O TRUMP LA MISMA GATA; EJECUTAN A CERCANO A HARFUCH; PANISTAS SE BURLAN DE CLAUDIO X __ Hablemos de lo que pasa en EUA, sus consecuencias en México, el affaire Trump-Sheinbaum del fin de semana, las burlas de panistas a Claudio X. Y la ejecucicón de uno de  lo más cercanos a Garcia Harfuch

#Amlo #Claudiasheinbaum #Trump #kamala",47,5464,1841,https://www.youtube.com/watch?v=T5C7CYDLY_g,1888,negative
2024-04-21 17:34:59,Youtube,V+ Noticias,Claudia Sheinbaum,Diferencias al hablar sobre nearshoring en la convención bancaria #Nearshoring #Xochitl #Sheinbaum __ ,102,22136,1367,https://www.youtube.com/watch?v=NE_HPNuD9ok,1469,negative
2024-02-05 15:41:27,Youtube,Karen 4T,Xóchitl Gálvez,#amlo Xochitl mando a su gente a agredir físicamente a los compatriotas 😡 __ #amlo #elmejor #presidente #claudiasheinbaum #presidenta #vivamexico #morena #xochitl #agresora,0,0,0,https://www.youtube.com/watch?v=SJAHRELV7_o,93,negative
2024-04-03 00:47:22,Youtube,Iber Alejandro,Claudia Sheinbaum,"AMLO adelantó la pensión para adultos mayores por este motivo __ #presidente 
#claudia
#sheinbaum
#xochitlgalvez
#xochitl
#marianarodriguez
#samuelgarcia
#movimientociudadano
#pri
#noticiasmexico 
#morena 
#ine         
#amlo 
#ine  
#presidenteamlo     
#politica 
#consejeros 
#diputados",0,0,0,https://www.youtube.com/watch?v=kd2cn7KbfOA,48,negative
2024-05-27 18:17:38,Youtube,La Saga,Claudia Sheinbaum,"Totalitarismo vs Democracia: Los 2 caminos que tiene México hoy | Rafael Pérez | MLDA __ Adela Micha platica con el escritor y periodista, Rafael Pérez Gay a propósito del respaldo de los intelectuales y académicos a los candidatos. 

#Mexico #EleccionesMexico #EleccionesINE #INE #Elecciones2024 #AMLO #AndresManuel #LopezObrador #Sheinbaum #ClaudiaSheinbaum #XochitlGalvez #Maynez #JorgeAlvarezMaynez",457,63855,3055,https://www.youtube.com/watch?v=JE3GgbrL7tI,3512,negative
2024-06-07 17:05:21,Youtube,Jesús Escobar Tovar ,Claudia Sheinbaum,"CHANTAJE de LOS MERCADOS por LA REFORMA JUDICIAL; DIFERENCIAS AMLO y CLAUDIA?;REUNION con BLACK ROCK __ Los mercados financieros presionan a los gobiernos entrasnte y saliente de México, para imponer condiciones e influir en la Reforma Judicial, sus corifeos buscan crear el ambiente propicio para una crisis, la respuesta de amlo y sheinbaum ha sido en la misma linea: No habra autoritarismo

#claudiasheinbaum #amlo",273,8433,3508,https://www.youtube.com/watch?v=-O5bHuznsHM,3781,negative
2024-02-04 00:17:49,Youtube,SignoMx,Claudia Sheinbaum,"Sheinbaum en Foro universitario: educación no es mercancía ni privilegio __ Sigue la transmisión de la clausura del Foro de Educación Media Superior, Superior y Posgrado de los Diálogos por la Transformación, en Guadalajara, Jalisco,  en la que participa como invitada especial la Dra. Claudia Sheinbaum Pardo.

#claudiasheinbaum #maestros #udg",0,0,0,https://www.youtube.com/watch?v=KDfP0ELdVLQ,1537,neutral
2024-02-21 21:00:16,Youtube,Reto Diario | noticias | podcast ,Claudia Sheinbaum,"¡Ya es candidata! #xochitlgalvez #mexico #claudiasheinbaum #amlo #noticias #entérate #retodiario __ shorts, Xóchitl Gálvez Ruiz se ha convertido oficialmente en candidata presidencial para las elecciones de 2024, tras su registro ante el INE como abanderada de los partidos PAN, PRI y PRD.",0,0,0,https://www.youtube.com/watch?v=d5iLfyHHTJg,62,neutral
2024-04-16 16:43:57,Youtube,Sistema Informativo NED,Claudia Sheinbaum,AMLO Pide a los Diputados Aprobar El Fondo de Pensiones Para el Bienestar __ #afores #fondodepensiones #diputados #conferenciapresidente #lópezobrador #cuartatransformación #xochitlgalvez #mañanera #noticias #claudiasheinbaum #morena #amlo #viral #elecciones2024 #trending #cuartatransformación #shorts #video,11,1297,52,https://www.youtube.com/watch?v=imvF3Ip3lmo,63,negative
2024-02-29 03:00:14,Youtube,MolinAventuras,Xóchitl Gálvez,Recuerdoooos #familia #hija #viral #parati #pelona #xochitl __ ,0,0,0,https://www.youtube.com/watch?v=HPW2Ew6b4g0,377,neutral
2024-06-08 03:59:39,Youtube,datopolitico,Claudia Sheinbaum,"LA PATIZA DE SU VIDA‼️SIN MIEDO AL CONTEO DE VOTOS #claudiasheinbaum  #4transformación  #morena __ LA PATIZA DE SU VIDA‼️SIN MIEDO AL CONTEO DE VOTOS #claudiasheinbaum   #4transformación  #morena  
Video informatitivo paso a paso de las campañas presidenciales en mexico 
Voto informado este 2 junio 2024
VOTA TODO MORENA

Si te gusto este video 
Suscribete al canal
Gracias por ver el video
Un abrazo!!",2,297,44,https://www.youtube.com/watch?v=Q-drXYT_Rqs,46,positive
2024-03-14 21:35:58,Youtube,Comunicreando,Claudia Sheinbaum,"Sheinbaum vuelve a FALTAR a un congreso #shorts __ 14 de marzo de 2024 y Claudia Sheinbaum vuelve a faltar a una invitación a un congreso. En esta ocasión fue en la cámara nacional de la Industria de la construcción. La candidata Xóchitl Gálvez y Jorge Alvarez Máynez asistieron físicamente a dicho congreso .￼￼

#claudiasheinbaum #xochitlgalvez #elecciones2024",0,0,0,https://www.youtube.com/watch?v=yGJlVWBrZEs,32,negative
2024-05-10 15:35:27,Youtube,Paulo Trece,Claudia Sheinbaum,Enserio fue esta señora a la UNAM ? #oposición #prian #xóchitl #politicamexicana #claudiasheinbaum __ ,19,5121,214,https://www.youtube.com/watch?v=cejwkFR3RLc,233,negative
2024-07-07 04:00:06,Youtube,estudio04,Claudia Sheinbaum,"#repetición | #UIF tunde a #LORET y #LATINUS | #Ciro y sus berrinches | ESTUDIO 04 __ Entérate de las noticias.

Estás en ESTUDIO 04.

esclaudia #4t #morena #últimahora #claudiasheinbaum #amlo #prian #ultimahora #elecciones2024 #xóchitlgálvez #pan #pri #xóchitl #alito #clarabrugada #clara #morenava #cdmx",9,287,66,https://www.youtube.com/watch?v=eDQaLTMExHQ,75,negative
,,,,,,,,,,
,,,,,,,,,,
,,,,,,,,,,
,,,,,,,,,,
,,,,,,,,,,
,,,,,,,,,,
,,,,,,,,,,
,,,,,,,,,,
,,,,,,,,,,
,,,,,,,,,,
,,,,,,,,,,
,,,,,,,,,,
,,,,,,,,,,
,,,,,,,,,,
,,,,,,,,,,
,,,,,,,,,,
,,,,,,,,,,
,,,,,,,,,,
,,,,,,,,,,
,,,,,,,,,,
,,,,,,,,,,
,,,,,,,,,,
,,,,,,,,,,
,,,,,,,,,,
,,,,,,,,,,
,,,,,,,,,,
,,,,,,,,,,
,,,,,,,,,,
,,,,,,,,,,
,,,,,,,,,,
,,,,,,,,,,
,,,,,,,,,,
,,,,,,,,,,
,,,,,,,,,,
,,,,,,,,,,
,,,,,,,,,,
,,,,,,,,,,
,,,,,,,,,,
,,,,,,,,,,
,,,,,,,,,,
,,,,,,,,,,
,,,,,,,,,,
,,,,,,,,,,
,,,,,,,,,,
,,,,,,,,,,
,,,,,,,,,,
,,,,,,,,,,
,,,,,,,,,,
,,,,,,,,,,
,,,,,,,,,,
,,,,,,,,,,
,,,,,,,,,,
,,,,,,,,,,
,,,,,,,,,,
,,,,,,,,,,
,,,,,,,,,,
,,,,,,,,,,
,,,,,,,,,,
,,,,,,,,,,
,,,,,,,,,,
,,,,,,,,,,
,,,,,,,,,,
,,,,,,,,,,
,,,,,,,,,,
,,,,,,,,,,
,,,,,,,,,,
,,,,,,,,,,
,,,,,,,,,,
,,,,,,,,,,
,,,,,,,,,,
,,,,,,,,,,
,,,,,,,,,,
,,,,,,,,,,
,,,,,,,,,,
,,,,,,,,,,
,,,,,,,,,,
,,,,,,,,,,
,,,,,,,,,,
,,,,,,,,,,
,,,,,,,,,,
,,,,,,,,,,
,,,,,,,,,,
,,,,,,,,,,
,,,,,,,,,,
,,,,,,,,,,
,,,,,,,,,,
,,,,,,,,,,
,,,,,,,,,,
,,,,,,,,,,
,,,,,,,,,,
,,,,,,,,,,
,,,,,,,,,,
,,,,,,,,,,
,,,,,,,,,,
,,,,,,,,,,
,,,,,,,,,,
,,,,,,,,,,
,,,,,,,,,,
,,,,,,,,,,
,,,,,,,,,,
,,,,,,,,,,
,,,,,,,,,,
,,,,,,,,,,
,,,,,,,,,,
,,,,,,,,,,
,,,,,,,,,,
,,,,,,,,,,
,,,,,,,,,,
,,,,,,,,,,
,,,,,,,,,,
,,,,,,,,,,
,,,,,,,,,,
,,,,,,,,,,
,,,,,,,,,,
,,,,,,,,,,
,,,,,,,,,,
,,,,,,,,,,
,,,,,,,,,,
,,,,,,,,,,
,,,,,,,,,,
,,,,,,,,,,
,,,,,,,,,,
,,,,,,,,,,
,,,,,,,,,,
,,,,,,,,,,
,,,,,,,,,,
,,,,,,,,,,
,,,,,,,,,,
,,,,,,,,,,
,,,,,,,,,,
,,,,,,,,,,
,,,,,,,,,,
,,,,,,,,,,
,,,,,,,,,,
,,,,,,,,,,
,,,,,,,,,,
,,,,,,,,,,
,,,,,,,,,,
,,,,,,,,,,
,,,,,,,,,,
,,,,,,,,,,
,,,,,,,,,,
,,,,,,,,,,
,,,,,,,,,,
,,,,,,,,,,
,,,,,,,,,,
,,,,,,,,,,
,,,,,,,,,,
,,,,,,,,,,
,,,,,,,,,,
,,,,,,,,,,
,,,,,,,,,,
,,,,,,,,,,
,,,,,,,,,,
,,,,,,,,,,
,,,,,,,,,,
,,,,,,,,,,
,,,,,,,,,,
,,,,,,,,,,
,,,,,,,,,,
,,,,,,,,,,
,,,,,,,,,,
,,,,,,,,,,
,,,,,,,,,,
,,,,,,,,,,
,,,,,,,,,,
,,,,,,,,,,
,,,,,,,,,,
,,,,,,,,,,
,,,,,,,,,,
,,,,,,,,,,
,,,,,,,,,,
,,,,,,,,,,
,,,,,,,,,,
,,,,,,,,,,
,,,,,,,,,,
,,,,,,,,,,
,,,,,,,,,,
,,,,,,,,,,
,,,,,,,,,,
,,,,,,,,,,
,,,,,,,,,,
,,,,,,,,,,
,,,,,,,,,,
,,,,,,,,,,
,,,,,,,,,,
,,,,,,,,,,
,,,,,,,,,,
,,,,,,,,,,
,,,,,,,,,,
,,,,,,,,,,
,,,,,,,,,,
,,,,,,,,,,
,,,,,,,,,,
,,,,,,,,,,
,,,,,,,,,,
,,,,,,,,,,
,,,,,,,,,,
,,,,,,,,,,
,,,,,,,,,,
,,,,,,,,,,
,,,,,,,,,,
,,,,,,,,,,
,,,,,,,,,,
,,,,,,,,,,
,,,,,,,,,,
,,,,,,,,,,
,,,,,,,,,,
,,,,,,,,,,
,,,,,,,,,,
,,,,,,,,,,
,,,,,,,,,,
,,,,,,,,,,
,,,,,,,,,,
,,,,,,,,,,
,,,,,,,,,,
,,,,,,,,,,
,,,,,,,,,,
,,,,,,,,,,
,,,,,,,,,,
,,,,,,,,,,
,,,,,,,,,,
,,,,,,,,,,
,,,,,,,,,,
,,,,,,,,,,
,,,,,,,,,,
,,,,,,,,,,
,,,,,,,,,,
,,,,,,,,,,
,,,,,,,,,,
,,,,,,,,,,
,,,,,,,,,,
,,,,,,,,,,
,,,,,,,,,,
,,,,,,,,,,
,,,,,,,,,,
,,,,,,,,,,
,,,,,,,,,,
,,,,,,,,,,
,,,,,,,,,,
,,,,,,,,,,
,,,,,,,,,,
,,,,,,,,,,
,,,,,,,,,,
,,,,,,,,,,
,,,,,,,,,,
,,,,,,,,,,
,,,,,,,,,,
,,,,,,,,,,
,,,,,,,,,,
,,,,,,,,,,
,,,,,,,,,,
,,,,,,,,,,
,,,,,,,,,,
,,,,,,,,,,
,,,,,,,,,,
,,,,,,,,,,
,,,,,,,,,,
,,,,,,,,,,
,,,,,,,,,,
,,,,,,,,,,
,,,,,,,,,,
,,,,,,,,,,
,,,,,,,,,,
,,,,,,,,,,
,,,,,,,,,,
,,,,,,,,,,
,,,,,,,,,,
,,,,,,,,,,
,,,,,,,,,,
,,,,,,,,,,
,,,,,,,,,,
,,,,,,,,,,
,,,,,,,,,,
,,,,,,,,,,
,,,,,,,,,,
,,,,,,,,,,
,,,,,,,,,,
,,,,,,,,,,
,,,,,,,,,,
,,,,,,,,,,
,,,,,,,,,,
,,,,,,,,,,
,,,,,,,,,,
,,,,,,,,,,
,,,,,,,,,,
,,,,,,,,,,
,,,,,,,,,,
,,,,,,,,,,
,,,,,,,,,,
,,,,,,,,,,
,,,,,,,,,,
,,,,,,,,,,
,,,,,,,,,,
,,,,,,,,,,
,,,,,,,,,,
,,,,,,,,,,
,,,,,,,,,,
,,,,,,,,,,
,,,,,,,,,,
,,,,,,,,,,
,,,,,,,,,,
,,,,,,,,,,
,,,,,,,,,,
,,,,,,,,,,
,,,,,,,,,,
,,,,,,,,,,
,,,,,,,,,,
,,,,,,,,,,
,,,,,,,,,,
,,,,,,,,,,
,,,,,,,,,,
,,,,,,,,,,
,,,,,,,,,,
,,,,,,,,,,
,,,,,,,,,,
,,,,,,,,,,
,,,,,,,,,,
,,,,,,,,,,
,,,,,,,,,,
,,,,,,,,,,
,,,,,,,,,,
,,,,,,,,,,
,,,,,,,,,,
,,,,,,,,,,
,,,,,,,,,,
,,,,,,,,,,
,,,,,,,,,,
,,,,,,,,,,
,,,,,,,,,,
,,,,,,,,,,
,,,,,,,,,,
,,,,,,,,,,
,,,,,,,,,,
,,,,,,,,,,
,,,,,,,,,,
,,,,,,,,,,
,,,,,,,,,,
,,,,,,,,,,
,,,,,,,,,,
,,,,,,,,,,
,,,,,,,,,,
,,,,,,,,,,
,,,,,,,,,,
,,,,,,,,,,
,,,,,,,,,,
,,,,,,,,,,
,,,,,,,,,,
,,,,,,,,,,
,,,,,,,,,,
,,,,,,,,,,
,,,,,,,,,,
,,,,,,,,,,
,,,,,,,,,,
,,,,,,,,,,
,,,,,,,,,,
,,,,,,,,,,
,,,,,,,,,,
,,,,,,,,,,
,,,,,,,,,,
,,,,,,,,,,
,,,,,,,,,,
,,,,,,,,,,
,,,,,,,,,,
,,,,,,,,,,
,,,,,,,,,,
,,,,,,,,,,
,,,,,,,,,,
,,,,,,,,,,
,,,,,,,,,,
,,,,,,,,,,
,,,,,,,,,,
,,,,,,,,,,
,,,,,,,,,,
,,,,,,,,,,
,,,,,,,,,,
,,,,,,,,,,
,,,,,,,,,,
,,,,,,,,,,
,,,,,,,,,,
,,,,,,,,,,
,,,,,,,,,,
,,,,,,,,,,
,,,,,,,,,,
,,,,,,,,,,
,,,,,,,,,,
,,,,,,,,,,
,,,,,,,,,,
,,,,,,,,,,
,,,,,,,,,,
,,,,,,,,,,
,,,,,,,,,,
,,,,,,,,,,
,,,,,,,,,,
,,,,,,,,,,
,,,,,,,,,,
,,,,,,,,,,
,,,,,,,,,,
,,,,,,,,,,
,,,,,,,,,,
,,,,,,,,,,
,,,,,,,,,,
,,,,,,,,,,
,,,,,,,,,,
,,,,,,,,,,
,,,,,,,,,,
,,,,,,,,,,
,,,,,,,,,,
,,,,,,,,,,
,,,,,,,,,,
,,,,,,,,,,
,,,,,,,,,,
,,,,,,,,,,
,,,,,,,,,,
,,,,,,,,,,
,,,,,,,,,,
,,,,,,,,,,
,,,,,,,,,,
,,,,,,,,,,
,,,,,,,,,,
,,,,,,,,,,
,,,,,,,,,,
,,,,,,,,,,
,,,,,,,,,,
,,,,,,,,,,
,,,,,,,,,,
,,,,,,,,,,
,,,,,,,,,,
,,,,,,,,,,
,,,,,,,,,,
,,,,,,,,,,
,,,,,,,,,,
,,,,,,,,,,
,,,,,,,,,,
,,,,,,,,,,
,,,,,,,,,,
,,,,,,,,,,
,,,,,,,,,,
,,,,,,,,,,
,,,,,,,,,,
,,,,,,,,,,
,,,,,,,,,,
,,,,,,,,,,
,,,,,,,,,,
,,,,,,,,,,
,,,,,,,,,,
,,,,,,,,,,
,,,,,,,,,,
,,,,,,,,,,
,,,,,,,,,,
,,,,,,,,,,
,,,,,,,,,,
,,,,,,,,,,
,,,,,,,,,,
,,,,,,,,,,
,,,,,,,,,,
,,,,,,,,,,
,,,,,,,,,,
,,,,,,,,,,
,,,,,,,,,,
,,,,,,,,,,
,,,,,,,,,,
,,,,,,,,,,
,,,,,,,,,,
,,,,,,,,,,
,,,,,,,,,,
,,,,,,,,,,
,,,,,,,,,,
,,,,,,,,,,
,,,,,,,,,,
,,,,,,,,,,
,,,,,,,,,,
,,,,,,,,,,
,,,,,,,,,,
,,,,,,,,,,
,,,,,,,,,,
,,,,,,,,,,
,,,,,,,,,,
,,,,,,,,,,
,,,,,,,,,,
,,,,,,,,,,
,,,,,,,,,,
,,,,,,,,,,
,,,,,,,,,,
,,,,,,,,,,
,,,,,,,,,,
,,,,,,,,,,
,,,,,,,,,,
,,,,,,,,,,
,,,,,,,,,,
,,,,,,,,,,
,,,,,,,,,,
,,,,,,,,,,
,,,,,,,,,,
,,,,,,,,,,
,,,,,,,,,,
,,,,,,,,,,
,,,,,,,,,,
,,,,,,,,,,
,,,,,,,,,,
,,,,,,,,,,
,,,,,,,,,,
,,,,,,,,,,
,,,,,,,,,,
,,,,,,,,,,
,,,,,,,,,,
,,,,,,,,,,
,,,,,,,,,,
,,,,,,,,,,
,,,,,,,,,,
,,,,,,,,,,
,,,,,,,,,,
,,,,,,,,,,
,,,,,,,,,,
,,,,,,,,,,
,,,,,,,,,,
,,,,,,,,,,
,,,,,,,,,,
,,,,,,,,,,
,,,,,,,,,,
,,,,,,,,,,
,,,,,,,,,,
,,,,,,,,,,
,,,,,,,,,,
,,,,,,,,,,
,,,,,,,,,,
,,,,,,,,,,
,,,,,,,,,,
,,,,,,,,,,
,,,,,,,,,,
,,,,,,,,,,
,,,,,,,,,,
,,,,,,,,,,
,,,,,,,,,,
,,,,,,,,,,
,,,,,,,,,,
,,,,,,,,,,
,,,,,,,,,,
,,,,,,,,,,
,,,,,,,,,,
,,,,,,,,,,
,,,,,,,,,,
,,,,,,,,,,
,,,,,,,,,,
,,,,,,,,,,
,,,,,,,,,,
,,,,,,,,,,
,,,,,,,,,,
,,,,,,,,,,
,,,,,,,,,,
,,,,,,,,,,
,,,,,,,,,,
,,,,,,,,,,
,,,,,,,,,,
,,,,,,,,,,
,,,,,,,,,,
,,,,,,,,,,
,,,,,,,,,,
,,,,,,,,,,
,,,,,,,,,,
,,,,,,,,,,
,,,,,,,,,,
,,,,,,,,,,
,,,,,,,,,,
,,,,,,,,,,
,,,,,,,,,,
,,,,,,,,,,
,,,,,,,,,,
,,,,,,,,,,
,,,,,,,,,,
,,,,,,,,,,
,,,,,,,,,,
,,,,,,,,,,
,,,,,,,,,,
,,,,,,,,,,
,,,,,,,,,,
,,,,,,,,,,
,,,,,,,,,,
,,,,,,,,,,
,,,,,,,,,,
,,,,,,,,,,
,,,,,,,,,,
,,,,,,,,,,
,,,,,,,,,,
,,,,,,,,,,
,,,,,,,,,,
,,,,,,,,,,
,,,,,,,,,,
,,,,,,,,,,
,,,,,,,,,,
,,,,,,,,,,
,,,,,,,,,,
,,,,,,,,,,
,,,,,,,,,,
,,,,,,,,,,
,,,,,,,,,,
,,,,,,,,,,
,,,,,,,,,,
,,,,,,,,,,
,,,,,,,,,,
,,,,,,,,,,
,,,,,,,,,,
,,,,,,,,,,
,,,,,,,,,,
,,,,,,,,,,
,,,,,,,,,,
,,,,,,,,,,
,,,,,,,,,,
,,,,,,,,,,
,,,,,,,,,,
,,,,,,,,,,
,,,,,,,,,,
,,,,,,,,,,
,,,,,,,,,,
,,,,,,,,,,
,,,,,,,,,,
,,,,,,,,,,
,,,,,,,,,,
,,,,,,,,,,
,,,,,,,,,,
,,,,,,,,,,
,,,,,,,,,,
,,,,,,,,,,
,,,,,,,,,,
,,,,,,,,,,
,,,,,,,,,,
,,,,,,,,,,
,,,,,,,,,,
,,,,,,,,,,
,,,,,,,,,,
,,,,,,,,,,
,,,,,,,,,,
,,,,,,,,,,
,,,,,,,,,,
,,,,,,,,,,
,,,,,,,,,,
,,,,,,,,,,
,,,,,,,,,,
,,,,,,,,,,
,,,,,,,,,,
,,,,,,,,,,
,,,,,,,,,,
,,,,,,,,,,
,,,,,,,,,,
,,,,,,,,,,
,,,,,,,,,,
,,,,,,,,,,
,,,,,,,,,,
,,,,,,,,,,
,,,,,,,,,,
,,,,,,,,,,
,,,,,,,,,,
,,,,,,,,,,
,,,,,,,,,,
,,,,,,,,,,
,,,,,,,,,,
,,,,,,,,,,
,,,,,,,,,,
,,,,,,,,,,
,,,,,,,,,,
,,,,,,,,,,
,,,,,,,,,,
,,,,,,,,,,
,,,,,,,,,,
,,,,,,,,,,
,,,,,,,,,,
,,,,,,,,,,
,,,,,,,,,,
,,,,,,,,,,
,,,,,,,,,,
,,,,,,,,,,
,,,,,,,,,,
,,,,,,,,,,
,,,,,,,,,,
,,,,,,,,,,
,,,,,,,,,,
,,,,,,,,,,
,,,,,,,,,,
,,,,,,,,,,
,,,,,,,,,,
,,,,,,,,,,
,,,,,,,,,,
,,,,,,,,,,
,,,,,,,,,,
,,,,,,,,,,
,,,,,,,,,,
,,,,,,,,,,
,,,,,,,,,,
,,,,,,,,,,
,,,,,,,,,,
,,,,,,,,,,
,,,,,,,,,,
,,,,,,,,,,
,,,,,,,,,,
,,,,,,,,,,
,,,,,,,,,,
,,,,,,,,,,
,,,,,,,,,,
,,,,,,,,,,
,,,,,,,,,,
,,,,,,,,,,
,,,,,,,,,,
,,,,,,,,,,
,,,,,,,,,,
,,,,,,,,,,
,,,,,,,,,,
,,,,,,,,,,
,,,,,,,,,,
,,,,,,,,,,
,,,,,,,,,,
,,,,,,,,,,
,,,,,,,,,,
,,,,,,,,,,
,,,,,,,,,,
,,,,,,,,,,
,,,,,,,,,,
,,,,,,,,,,
,,,,,,,,,,
,,,,,,,,,,
,,,,,,,,,,
,,,,,,,,,,
,,,,,,,,,,
,,,,,,,,,,
,,,,,,,,,,
,,,,,,,,,,
,,,,,,,,,,
,,,,,,,,,,
,,,,,,,,,,
,,,,,,,,,,
,,,,,,,,,,
,,,,,,,,,,
,,,,,,,,,,
,,,,,,,,,,
,,,,,,,,,,
,,,,,,,,,,
,,,,,,,,,,
,,,,,,,,,,
,,,,,,,,,,
,,,,,,,,,,
,,,,,,,,,,
,,,,,,,,,,
,,,,,,,,,,
,,,,,,,,,,
,,,,,,,,,,
,,,,,,,,,,
,,,,,,,,,,
,,,,,,,,,,
,,,,,,,,,,
,,,,,,,,,,
,,,,,,,,,,
,,,,,,,,,,
,,,,,,,,,,
,,,,,,,,,,
,,,,,,,,,,
,,,,,,,,,,
,,,,,,,,,,
,,,,,,,,,,
,,,,,,,,,,
,,,,,,,,,,
,,,,,,,,,,
,,,,,,,,,,
,,,,,,,,,,
,,,,,,,,,,
,,,,,,,,,,
,,,,,,,,,,
,,,,,,,,,,
,,,,,,,,,,
,,,,,,,,,,
,,,,,,,,,,
,,,,,,,,,,
,,,,,,,,,,
,,,,,,,,,,
,,,,,,,,,,
,,,,,,,,,,
,,,,,,,,,,
,,,,,,,,,,
,,,,,,,,,,
,,,,,,,,,,
,,,,,,,,,,
,,,,,,,,,,
,,,,,,,,,,
,,,,,,,,,,
,,,,,,,,,,
,,,,,,,,,,
,,,,,,,,,,
,,,,,,,,,,
,,,,,,,,,,
,,,,,,,,,,
,,,,,,,,,,
,,,,,,,,,,
,,,,,,,,,,
,,,,,,,,,,
,,,,,,,,,,
,,,,,,,,,,
,,,,,,,,,,
,,,,,,,,,,
,,,,,,,,,,
,,,,,,,,,,
,,,,,,,,,,
,,,,,,,,,,
,,,,,,,,,,
,,,,,,,,,,
,,,,,,,,,,
,,,,,,,,,,
,,,,,,,,,,
,,,,,,,,,,
,,,,,,,,,,
,,,,,,,,,,
,,,,,,,,,,
,,,,,,,,,,
,,,,,,,,,,
,,,,,,,,,,
,,,,,,,,,,
,,,,,,,,,,
,,,,,,,,,,
,,,,,,,,,,
,,,,,,,,,,
,,,,,,,,,,
,,,,,,,,,,
,,,,,,,,,,
,,,,,,,,,,
,,,,,,,,,,
,,,,,,,,,,
,,,,,,,,,,
,,,,,,,,,,
,,,,,,,,,,
,,,,,,,,,,
,,,,,,,,,,
,,,,,,,,,,
,,,,,,,,,,
,,,,,,,,,,
,,,,,,,,,,
,,,,,,,,,,
,,,,,,,,,,
,,,,,,,,,,
,,,,,,,,,,
,,,,,,,,,,
,,,,,,,,,,
,,,,,,,,,,
,,,,,,,,,,
,,,,,,,,,,
,,,,,,,,,,
,,,,,,,,,,
,,,,,,,,,,
,,,,,,,,,,
,,,,,,,,,,
,,,,,,,,,,
,,,,,,,,,,
,,,,,,,,,,
,,,,,,,,,,
,,,,,,,,,,
,,,,,,,,,,
,,,,,,,,,,
,,,,,,,,,,
,,,,,,,,,,
,,,,,,,,,,
,,,,,,,,,,
,,,,,,,,,,
,,,,,,,,,,
,,,,,,,,,,
,,,,,,,,,,
,,,,,,,,,,
,,,,,,,,,,
,,,,,,,,,,
,,,,,,,,,,
,,,,,,,,,,
,,,,,,,,,,
,,,,,,,,,,
,,,,,,,,,,
,,,,,,,,,,
,,,,,,,,,,
,,,,,,,,,,
,,,,,,,,,,
,,,,,,,,,,
,,,,,,,,,,
,,,,,,,,,,
,,,,,,,,,,
,,,,,,,,,,
,,,,,,,,,,
,,,,,,,,,,
,,,,,,,,,,
,,,,,,,,,,
,,,,,,,,,,
,,,,,,,,,,
,,,,,,,,,,
,,,,,,,,,,
,,,,,,,,,,
,,,,,,,,,,
,,,,,,,,,,
,,,,,,,,,,
,,,,,,,,,,
,,,,,,,,,,
,,,,,,,,,,
,,,,,,,,,,
,,,,,,,,,,
,,,,,,,,,,
,,,,,,,,,,
,,,,,,,,,,
,,,,,,,,,,
